id,ofxx004_id,status_cobro,tipo_factura,ofgl100_id,status,numero,doc_ref,xref_table,xref_id,fecha,fecha_vencimiento,periodo_id,cliente,cliente_nombre,ofgl005_codigo,no_opp,po_cliente,moneda_trn,moneda_base,moneda_loc,monto_loc,monto_usd,monto_eur,monto_usd_2,monto_loc_2,tasa_cambio,tasa_cambio_ref,tasa_cambio_factura,iva,metodo_iva,tasa_igtf,monto_iva_loc,monto_iva_usd,monto_iva_eur,igtf_loc,igtf_usd,neto_loc,neto_usd,neto_eur,neto_xcob_loc,neto_xcob_usd,gravable_loc,gravable_usd,gravable_eur,exento_loc,exento_usd,exento_eur,descuento_monto_loc,descuento_monto_usd,descuento_monto_eur,descuento_tipo,descuento_valor,politica_credito,toprint,no_control,tasa_cambio_eur,total_aplicado_loc,total_aplicado_usd,total_aplicado_eur,saldo_pendiente_loc,saldo_pendiente_eur,ofgl010_id,saldo_pendiente_usd,fecha_estimada_cobro,cant_diferidos,forma_envio,observaciones,instrucciones_especiales,status_contable,status_antiguedad,ofcm120_id,userid_creacion,fecha_creacion,userid_modificacion,fecha_ult_modificacion,ofcm022_id,ofcm100_id,comentarios
1,1,N,F,NULL,A,AST-F-00000001,OF-000001,NULL,NULL,2025-07-16,2025-07-16,7,O002,"Optica Caroni",0100-000092,000092,5387,USD,USD,VEB,621159.86,5317.28,0.00,5317.28,NULL,116.819100,116.819100,NULL,IVA16,C,NULL,99385.02,850.76,NULL,NULL,NULL,720544.88,6168.04,NULL,720544.88,6168.04,621159.86,5317.28,NULL,0.00,0.00,NULL,0.00,0.00,NULL,,0.00,1,NULL,000000003,NULL,0.00,0.00,NULL,720544.88,NULL,NULL,6168.04,NULL,NULL,D,,,C,NULL,1,admin,"2025-07-17 08:08:29",NULL,NULL,NULL,NULL,NULL
2,1,N,T,0,A,AST-D-00000001,AST-F-00000001,NULL,NULL,2025-07-16,2025-07-16,7,O002,"Optica Caroni",0100-000092,000092,5387,VEB,USD,VEB,18634.80,159.52,0.00,NULL,18634.80,116.819100,0.000000,0.00,N/A,C,0.00,0.00,0.00,NULL,0.00,0.00,18634.80,159.52,NULL,18634.80,159.52,18634.80,159.52,NULL,0.00,0.00,NULL,0.00,0.00,NULL,P,0.00,1,,000000008,NULL,0.00,0.00,NULL,18634.80,NULL,0,159.52,NULL,0,F,,,,NULL,0,admin,"2025-07-18 16:19:35",,NULL,NULL,NULL,NULL
3,1,C,F,101,I,AST-F-00000002,,NULL,NULL,2025-07-21,2025-07-21,7,D081,"De Campo Automercados",0100-000107,000107,N/A,USD,USD,VEB,56980.23,481.71,0.00,481.71,NULL,118.287400,118.287400,0.00,IVA16,C,0.00,9116.41,77.07,NULL,0.00,0.00,66096.64,558.78,NULL,0.00,0.00,56980.23,481.71,NULL,0.00,0.00,NULL,0.00,0.00,NULL,N,0.00,1,,000000009,NULL,-66096.64,-558.78,NULL,0.00,NULL,0,0.00,NULL,0,F,,,,,0,mcarosella,"2025-07-21 18:24:12",,NULL,NULL,1,NULL
4,1,N,F,0,A,AST-F-00000003,,NULL,NULL,2025-07-22,2025-07-22,7,U001,"Universidad Metropolitana",0100-000094,000094,N/A,USD,USD,VEB,294210.12,2458.59,0.00,2458.59,NULL,119.666200,119.666200,0.00,IVA16,C,0.00,47073.09,393.37,NULL,0.00,0.00,341283.21,2851.96,NULL,0.00,0.00,294210.12,2458.59,NULL,0.00,0.00,NULL,0.00,0.00,NULL,N,0.00,1,,000000010,NULL,0.00,0.00,NULL,341283.21,NULL,0,2851.96,NULL,0,F,,,,NULL,0,mcarosella,"2025-07-22 16:54:39",mcarosella,"2025-07-22 16:56:35",NULL,NULL,NULL
5,1,C,F,106,I,AST-F-00000004,,NULL,NULL,2025-07-22,2025-07-22,7,C004,"C.A. Cerveceria Regional",0100-000113,000113,N/A,USD,USD,VEB,5253346.18,43900.00,0.00,43900.00,NULL,119.666200,119.666200,0.00,IVA16,C,0.00,840535.39,7024.00,NULL,0.00,0.00,6093881.57,50924.00,NULL,0.00,0.00,5253346.18,43900.00,NULL,0.00,0.00,NULL,0.00,0.00,NULL,N,0.00,1,,000000011,NULL,-6093881.57,-50924.00,NULL,0.00,NULL,0,0.00,NULL,0,F,,,,NULL,0,mcarosella,"2025-07-22 17:06:25",mcarosella,"2025-07-22 17:07:50",NULL,2,NULL
6,1,C,F,107,I,AST-F-00000005,,NULL,NULL,2025-07-22,2025-07-22,7,B003,"Banco Activo C.A., Banco Universal",0100-000112,000112,CA2025-0113,USD,USD,VEB,3077462.85,25717.06,0.00,25717.06,NULL,119.666200,119.666200,0.00,IVA16,C,0.00,492394.09,4114.73,NULL,0.00,0.00,3569856.94,29831.79,NULL,0.00,0.00,3077462.85,25717.06,NULL,0.00,0.00,NULL,0.00,0.00,NULL,N,0.00,1,,000000012,NULL,-3569856.94,-29831.79,NULL,0.00,NULL,0,0.00,NULL,0,F,,,,,0,mcarosella,"2025-07-23 09:53:57",mcarosella,"2025-07-23 16:06:23",NULL,3,NULL
7,1,N,F,0,A,AST-F-00000006,,NULL,NULL,2025-07-29,2025-07-29,7,O002,"Optica Caroni",0100-000092,000092,5387,VEB,USD,VEB,653178.93,5317.28,0.00,NULL,653178.93,122.840800,0.000000,0.00,IVA16,C,0.00,104508.63,850.76,NULL,0.00,0.00,757687.56,6168.04,NULL,0.00,0.00,653178.93,5317.28,NULL,0.00,0.00,NULL,0.00,0.00,NULL,N,0.00,1,,,NULL,0.00,0.00,NULL,757687.56,NULL,0,6168.04,NULL,0,F,,,,NULL,0,mcarosella,"2025-07-29 13:35:34",mcarosella,"2025-07-29 13:37:52",NULL,NULL,NULL
8,1,C,F,108,I,AST-F-00000007,,NULL,NULL,2025-07-29,2025-07-29,7,O002,"Optica Caroni",0100-000092,000092,5387,VEB,USD,VEB,653178.93,5317.28,0.00,NULL,653178.93,122.840800,0.000000,0.00,IVA16,C,0.00,104508.63,850.76,NULL,0.00,0.00,757687.56,6168.04,NULL,0.00,0.00,653178.93,5317.28,NULL,0.00,0.00,NULL,0.00,0.00,NULL,N,0.00,1,,000000013,NULL,-757687.56,-6168.04,NULL,0.00,NULL,0,0.00,NULL,0,F,,,,,0,mcarosella,"2025-07-29 13:39:02",mcarosella,"2025-07-29 13:40:13",NULL,4,NULL
9,1,N,T,109,A,AST-D-00000002,,NULL,NULL,2025-07-29,2025-07-29,7,O002,"Optica Caroni",0100-000092,000092,5387,VEB,USD,VEB,19595.56,159.52,0.00,NULL,19595.56,122.840800,0.000000,0.00,N/A,C,0.00,0.00,0.00,NULL,0.00,0.00,19595.56,159.52,NULL,0.00,0.00,19595.56,159.52,NULL,0.00,0.00,NULL,0.00,0.00,NULL,P,0.00,1,,000000014,NULL,-19595.56,-159.52,NULL,0.00,NULL,0,0.00,NULL,0,F,,,,NULL,0,gbelisario,"2025-07-29 15:53:19",,NULL,NULL,NULL,NULL
10,1,C,F,110,I,AST-F-00000009,,NULL,NULL,2025-07-30,2025-07-30,7,A001,"Alimentos Polar Comercial, C.A.",0100-000124,000124,4513734485,USD,USD,VEB,2382288.83,19231.89,0.00,19231.89,NULL,123.871800,123.871800,0.00,IVA16,I,0.00,381166.21,3077.10,NULL,0.00,0.00,2763455.04,22308.99,NULL,0.00,0.00,2382288.83,19231.89,NULL,0.00,0.00,NULL,0.00,0.00,NULL,N,0.00,1,,000000016,NULL,-2763455.04,-22308.99,NULL,0.00,NULL,0,0.00,NULL,0,F,,,,NULL,0,mcarosella,"2025-07-30 12:01:10",mcarosella,"2025-07-30 12:41:35",NULL,5,NULL
11,1,C,F,111,I,AST-F-00000008,,NULL,NULL,2025-07-30,2025-07-30,7,C001,"Cerveceria Polar C.A.",0100-000123,000123,4513734483,USD,USD,VEB,1960935.19,15830.36,0.00,15830.36,NULL,123.871800,123.871800,0.00,IVA16,C,0.00,313749.63,2532.86,NULL,0.00,0.00,2274684.82,18363.22,NULL,0.00,0.00,1960935.19,15830.36,NULL,0.00,0.00,NULL,0.00,0.00,NULL,N,0.00,1,,000000015,NULL,-2274684.82,-18363.22,NULL,0.00,NULL,0,0.00,NULL,0,F,,,,,0,mcarosella,"2025-07-30 12:03:35",mcarosella,"2025-07-30 12:04:32",NULL,6,NULL
12,1,C,F,112,I,AST-F-00000010,,NULL,NULL,2025-07-30,2025-07-30,7,P001,"Pepsi-Cola ",0100-000125,000125,4513734488,USD,USD,VEB,806894.71,6513.95,0.00,6513.95,NULL,123.871800,123.871800,0.00,IVA16,C,0.00,129103.15,1042.23,NULL,0.00,0.00,935997.86,7556.18,NULL,0.00,0.00,806894.71,6513.95,NULL,0.00,0.00,NULL,0.00,0.00,NULL,N,0.00,1,,000000017,NULL,-935997.86,-7556.18,NULL,0.00,NULL,0,0.00,NULL,0,F,,,,,0,mcarosella,"2025-07-30 12:05:31",mcarosella,"2025-07-30 12:06:07",NULL,7,NULL
13,1,C,F,113,I,AST-F-00000011,,NULL,NULL,2025-07-30,2025-07-30,7,U001,"Universidad Metropolitana",0100-000094,000094,N/A,USD,USD,VEB,304549.97,2458.59,0.00,2458.59,NULL,123.871800,123.871800,0.00,IVA16,C,0.00,48728.00,393.37,NULL,0.00,0.00,353277.42,2851.96,NULL,0.00,0.00,304549.97,2458.59,NULL,0.00,0.00,NULL,0.00,0.00,NULL,N,0.00,1,,000000018,NULL,-353277.42,-2851.96,NULL,0.00,NULL,0,0.00,NULL,0,F,,,,,0,mcarosella,"2025-07-30 14:28:08",mcarosella,"2025-10-28 10:00:52",NULL,8,NULL
14,1,N,F,0,A,AST-F-00000012,,NULL,NULL,2025-08-01,2025-08-01,8,C001,"Cerveceria Polar C.A.",0100-000128,000128,4513468481,USD,USD,VEB,308325.27,2458.25,0.00,2458.25,NULL,125.424700,125.424700,0.00,IVA16,C,0.00,49332.05,393.32,NULL,0.00,0.00,357657.32,2851.57,NULL,0.00,0.00,308325.27,2458.25,NULL,0.00,0.00,NULL,0.00,0.00,NULL,N,0.00,1,,000000019,NULL,0.00,0.00,NULL,357657.32,NULL,0,2851.57,NULL,0,F,,,,NULL,0,mcarosella,"2025-08-01 14:10:40",mcarosella,"2025-09-09 13:39:34",NULL,NULL,NULL
15,1,N,F,0,A,AST-F-00000013,,NULL,NULL,2025-08-01,2025-08-01,8,C001,"Cerveceria Polar C.A.",0100-000129,000129,4513468481,USD,USD,VEB,326982.19,2607.00,0.00,2607.00,NULL,125.424700,125.424700,0.00,IVA16,C,0.00,52317.16,417.12,NULL,0.00,0.00,379299.35,3024.12,NULL,0.00,0.00,326982.19,2607.00,NULL,0.00,0.00,NULL,0.00,0.00,NULL,N,0.00,1,,000000020,NULL,0.00,0.00,NULL,379299.35,NULL,0,3024.12,NULL,0,F,,,,NULL,0,mcarosella,"2025-08-01 14:15:48",mcarosella,"2025-08-01 14:49:33",NULL,NULL,NULL
16,1,N,F,0,A,AST-F-00000014,,NULL,NULL,2025-08-01,2025-08-01,8,C001,"Cerveceria Polar C.A.",0100-000130,000130,4513468481,USD,USD,VEB,308359.14,2458.52,0.00,2458.52,NULL,125.424700,125.424700,0.00,IVA16,C,0.00,49337.46,393.36,NULL,0.00,0.00,357696.60,2851.88,NULL,0.00,0.00,308359.14,2458.52,NULL,0.00,0.00,NULL,0.00,0.00,NULL,N,0.00,1,,000000021,NULL,0.00,0.00,NULL,357696.60,NULL,0,2851.88,NULL,0,F,,,,NULL,0,mcarosella,"2025-08-01 14:19:55",mcarosella,"2025-08-01 14:51:21",NULL,NULL,NULL
17,1,N,F,0,A,AST-F-00000015,,NULL,NULL,2025-08-01,2025-08-01,8,C001,"Cerveceria Polar C.A.",0100-000095,000095,4513719635,USD,USD,VEB,541834.70,4320.00,0.00,4320.00,NULL,125.424700,125.424700,0.00,IVA16,C,0.00,86693.55,691.20,NULL,0.00,0.00,628528.25,5011.20,NULL,0.00,0.00,541834.70,4320.00,NULL,0.00,0.00,NULL,0.00,0.00,NULL,N,0.00,1,,000000022,NULL,0.00,0.00,NULL,628528.25,NULL,0,5011.20,NULL,0,F,,,,NULL,0,mcarosella,"2025-08-01 15:07:52",mcarosella,"2025-08-01 15:10:10",NULL,NULL,NULL
18,1,C,F,140,I,AST-F-00000016,,NULL,NULL,2025-08-01,2025-08-01,8,C001,"Cerveceria Polar C.A.",0100-000095,000095,4513719635,USD,USD,VEB,704385.12,5616.00,0.00,5616.00,NULL,125.424700,125.424700,0.00,IVA16,C,0.00,112701.62,898.56,NULL,0.00,0.00,817086.74,6514.56,NULL,0.00,0.00,704385.12,5616.00,NULL,0.00,0.00,NULL,0.00,0.00,NULL,N,0.00,1,,000000023,NULL,-817086.74,-6514.56,NULL,0.00,NULL,0,0.00,NULL,0,F,,,,NULL,0,mcarosella,"2025-08-01 16:19:36",mcarosella,"2025-09-09 13:40:38",NULL,9,NULL
19,1,A,F,141,I,AST-F-00000017,,NULL,NULL,2025-08-04,2025-08-04,8,U001,"Universidad Metropolitana",0100-000209,000209,N/A,USD,USD,VEB,310471.24,2458.59,0.00,2458.59,NULL,126.280200,126.280200,0.00,IVA16,C,0.00,49675.40,393.37,NULL,0.00,0.00,360146.64,2851.96,NULL,0.00,0.00,310471.24,2458.59,NULL,0.00,0.00,NULL,0.00,0.00,NULL,N,0.00,1,,000000025,NULL,-360146.65,-2851.96,NULL,-0.01,NULL,0,0.00,NULL,0,F,,,,,0,mcarosella,"2025-08-04 09:08:00",mcarosella,"2025-08-04 10:48:11",NULL,10,NULL
20,1,C,F,142,I,AST-F-00000018,,NULL,NULL,2025-08-05,2025-08-05,8,L036,"Lentes Chacao",0100-000101,000101,5398,USD,USD,VEB,1420939.02,11178.84,0.00,11178.84,NULL,127.109700,127.109700,0.00,IVA16,C,0.00,227350.24,1788.60,NULL,0.00,0.00,1648289.26,12967.44,NULL,0.00,0.00,1420939.02,11178.84,NULL,0.00,0.00,NULL,0.00,0.00,NULL,N,0.00,1,,000000026,NULL,-1648289.26,-12967.44,NULL,0.00,NULL,0,0.00,NULL,0,F,,,,,0,mcarosella,"2025-08-05 10:01:22",mcarosella,"2025-08-05 19:23:13",NULL,11,NULL
21,1,C,F,143,I,AST-F-00000019,,NULL,NULL,2025-08-05,2025-08-05,8,L036,"Lentes Chacao",0100-000103,000103,5399,USD,USD,VEB,363715.51,2861.43,0.00,2861.43,NULL,127.109700,127.109700,0.00,IVA16,C,0.00,58194.48,457.83,NULL,0.00,0.00,421909.99,3319.26,NULL,0.00,0.00,363715.51,2861.43,NULL,0.00,0.00,NULL,0.00,0.00,NULL,N,0.00,1,,000000027,NULL,-421909.99,-3319.26,NULL,0.00,NULL,0,0.00,NULL,0,F,,,,,0,mcarosella,"2025-08-05 10:15:55",mcarosella,"2025-08-05 10:18:12",NULL,12,NULL
22,1,C,F,144,I,AST-F-00000020,,NULL,NULL,2025-08-07,2025-08-22,8,C001,"Cerveceria Polar C.A.",0100-000128,000128,4513765578,USD,USD,VEB,317245.77,2458.25,0.00,2458.25,NULL,129.053500,129.053500,0.00,IVA16,C,0.00,50759.31,393.32,NULL,0.00,0.00,368005.08,2851.57,NULL,0.00,0.00,317245.77,2458.25,NULL,0.00,0.00,NULL,0.00,0.00,NULL,N,0.00,2,,000000028,NULL,-368005.08,-2851.57,NULL,0.00,NULL,0,0.00,NULL,0,F,,,,,0,mcarosella,"2025-08-07 08:47:35",mcarosella,"2025-08-07 09:03:52",NULL,13,NULL
23,1,C,F,145,I,AST-F-00000021,,NULL,NULL,2025-08-07,2025-08-22,8,C001,"Cerveceria Polar C.A.",0100-000129,000129,4513765578,USD,USD,VEB,336442.47,2607.00,0.00,2607.00,NULL,129.053500,129.053500,0.00,IVA16,C,0.00,53830.78,417.12,NULL,0.00,0.00,390273.25,3024.12,NULL,0.00,0.00,336442.47,2607.00,NULL,0.00,0.00,NULL,0.00,0.00,NULL,N,0.00,2,,000000029,NULL,-390273.25,-3024.12,NULL,0.00,NULL,0,0.00,NULL,0,F,,,,,0,mcarosella,"2025-08-07 09:01:20",mcarosella,"2025-08-07 09:03:07",NULL,14,NULL
24,1,C,F,146,I,AST-F-00000022,,NULL,NULL,2025-08-07,2025-08-22,8,C001,"Cerveceria Polar C.A.",0100-000130,000130,4513765578,USD,USD,VEB,317280.61,2458.52,0.00,2458.52,NULL,129.053500,129.053500,0.00,IVA16,C,0.00,50764.90,393.36,NULL,0.00,0.00,368045.51,2851.88,NULL,0.00,0.00,317280.61,2458.52,NULL,0.00,0.00,NULL,0.00,0.00,NULL,N,0.00,2,,000000030,NULL,-368045.51,-2851.88,NULL,0.00,NULL,0,0.00,NULL,0,F,,,,,0,mcarosella,"2025-08-07 09:04:26",mcarosella,"2025-08-07 09:15:45",NULL,15,NULL
25,1,N,Q,0,A,AST-Q-00000001,,NULL,NULL,2025-08-08,2025-08-08,8,G009,"G3 Logistica, C.A",0100-000133,000133,N/A,USD,USD,VEB,28192.93,216.76,0.00,216.76,NULL,130.065200,130.065200,0.00,IVA16,C,0.00,4510.87,34.78,NULL,0.00,0.00,32703.67,251.54,NULL,0.00,0.00,28192.93,216.76,NULL,0.00,0.00,NULL,0.00,0.00,NULL,N,0.00,1,,N/A,NULL,0.00,0.00,NULL,32703.67,NULL,0,251.54,NULL,0,F,,,,NULL,0,mcarosella,"2025-08-08 09:27:32",admin,"2025-12-19 14:50:19",NULL,NULL,NULL
26,1,C,F,147,I,AST-F-00000023,,NULL,NULL,2025-08-08,2025-08-08,8,M006,"Molina Agencia de Viajes CA",0100-000108,000108,N/A,USD,USD,VEB,315534.27,2425.97,0.00,2425.97,NULL,130.065200,130.065200,0.00,IVA16,C,0.00,50485.48,388.16,NULL,0.00,0.00,366019.75,2814.13,NULL,0.00,0.00,315534.27,2425.97,NULL,0.00,0.00,NULL,0.00,0.00,NULL,N,0.00,1,,000000031,NULL,-366019.75,-2814.13,NULL,0.00,NULL,0,0.00,NULL,0,F,,,,NULL,0,mcarosella,"2025-08-08 13:12:06",mcarosella,"2025-08-08 13:19:06",NULL,16,NULL
27,1,C,F,148,I,AST-F-00000024,,NULL,NULL,2025-08-11,2025-08-11,8,C005,"Corporacion Digitel, C.A.",0100-000148,000148,4600007361,USD,USD,VEB,2294671.75,17500.00,0.00,17500.00,NULL,131.124100,131.124100,0.00,IVA16,C,0.00,367147.48,2800.00,NULL,0.00,0.00,2661819.23,20300.00,NULL,0.00,0.00,2294671.75,17500.00,NULL,0.00,0.00,NULL,0.00,0.00,NULL,N,0.00,1,,000000032,NULL,-2661819.23,-20300.00,NULL,0.00,NULL,0,0.00,NULL,0,F,,,,,0,mcarosella,"2025-08-11 12:12:16",mcarosella,"2025-08-11 12:41:45",NULL,17,NULL
28,1,C,F,149,I,AST-F-00000025,,NULL,NULL,2025-08-12,2025-08-12,8,S012,"Soluciones Netready.Com C.A",0100-000073,000073,00002857,USD,USD,VEB,123348.36,932.32,0.00,932.32,NULL,132.302600,132.302600,0.00,IVA16,C,0.00,19735.74,149.17,NULL,0.00,0.00,143084.10,1081.49,NULL,0.00,0.00,123348.36,932.32,NULL,0.00,0.00,NULL,0.00,0.00,NULL,N,0.00,1,,000000033,NULL,-143084.10,-1081.49,NULL,0.00,NULL,0,0.00,NULL,0,F,,,,NULL,0,mcarosella,"2025-08-12 10:59:19",mcarosella,"2025-08-12 11:28:18",NULL,18,NULL
29,1,C,F,150,I,AST-F-00000026,,NULL,NULL,2025-08-12,2025-08-12,8,S012,"Soluciones Netready.Com C.A",0100-000073,000073,00002857,USD,USD,VEB,140377.03,1061.03,0.00,1061.03,NULL,132.302600,132.302600,0.00,IVA16,C,0.00,22460.32,169.76,NULL,0.00,0.00,162837.35,1230.79,NULL,0.00,0.00,140377.03,1061.03,NULL,0.00,0.00,NULL,0.00,0.00,NULL,N,0.00,1,,000000034,NULL,-162837.35,-1230.79,NULL,0.00,NULL,0,0.00,NULL,0,F,,,,,0,mcarosella,"2025-08-12 11:00:40",gbelisario,"2025-08-12 11:30:35",NULL,19,NULL
30,1,N,Q,0,A,AST-Q-00000002,,NULL,NULL,2025-08-13,2025-08-13,8,D012,"Drovital Casa de Representacion C.A",0100-000155,000155,N/A,USD,USD,VEB,21529.44,161.25,0.00,161.25,NULL,133.515900,133.515900,0.00,IVA16,C,0.00,3444.71,25.80,NULL,0.00,0.00,24974.15,187.05,NULL,0.00,0.00,21529.44,161.25,NULL,0.00,0.00,NULL,0.00,0.00,NULL,N,0.00,1,,N/A,NULL,0.00,0.00,NULL,24974.15,NULL,0,187.05,NULL,0,F,,,,NULL,0,mcarosella,"2025-08-13 13:52:32",mcarosella,"2025-12-19 14:50:34",NULL,NULL,NULL
31,1,A,Q,0,C,AST-Q-00000003,AST-N-00000002,NULL,NULL,2025-08-13,2025-08-13,8,G009,"G3 Logistica, C.A",0100-000121,000121,N/A,USD,USD,VEB,0.00,0.00,0.00,0.00,NULL,0.000000,0.000000,0.00,IVA16,C,0.00,0.00,0.00,NULL,0.00,0.00,0.00,0.00,NULL,0.00,0.00,0.00,0.00,NULL,0.00,0.00,NULL,0.00,0.00,NULL,N,0.00,1,,N/A,NULL,0.00,0.00,NULL,62837.91,NULL,0,470.64,NULL,0,F,,,,NULL,0,mcarosella,"2025-08-13 14:40:46",mcarosella,"2025-08-13 14:43:48",NULL,NULL,NULL
32,1,C,F,151,I,AST-F-00000027,,NULL,NULL,2025-08-13,2025-08-13,8,C020,"Corporación Suiche 7B",0100-000159,000159,02025124,USD,USD,VEB,2255908.68,16896.18,0.00,16896.18,NULL,133.515900,133.515900,0.00,IVA16,C,0.00,360945.39,2703.39,NULL,0.00,0.00,2616854.07,19599.57,NULL,0.00,0.00,2255908.68,16896.18,NULL,0.00,0.00,NULL,0.00,0.00,NULL,N,0.00,1,,000000035,NULL,-2616854.07,-19599.57,NULL,0.00,NULL,0,0.00,NULL,0,F,,,,,0,mcarosella,"2025-08-13 15:27:12",mcarosella,"2025-08-13 15:49:34",NULL,20,NULL
33,2,,F,NULL,E,AXT-F-00000001,,ofpr120,39,2025-07-30,2025-07-30,8,AST,"Asimetrix Soluciones Tecnológicas",AXT-999,NULL,000036,USD,USD,VEB,1538952.05,12423.75,0.00,12423.75,NULL,123.871800,123.871800,NULL,IVA16,C,NULL,246232.33,1987.80,NULL,NULL,NULL,1785184.38,14411.55,NULL,NULL,NULL,1538952.05,12423.75,NULL,0.00,0.00,NULL,0.00,0.00,NULL,N,0.00,1,NULL,NULL,NULL,0.00,0.00,NULL,1785184.38,NULL,NULL,14411.55,NULL,NULL,D,NULL,NULL,NULL,NULL,NULL,System,"2025-08-18 12:41:46",gbelisario,"2025-08-18 14:38:03",NULL,NULL,NULL
34,1,C,F,155,I,AST-F-00000033,,NULL,NULL,2025-08-19,2025-09-03,8,A001,"Alimentos Polar Comercial, C.A.",0100-000149,000149,4513768978,USD,USD,VEB,1287233.20,9403.20,0.00,9403.20,NULL,136.893100,136.893100,0.00,IVA16,C,0.00,205957.31,1504.51,NULL,0.00,0.00,1493190.51,10907.71,NULL,0.00,0.00,1287233.20,9403.20,NULL,0.00,0.00,NULL,0.00,0.00,NULL,N,0.00,2,,000000044,NULL,-1493190.51,-10907.71,NULL,0.00,NULL,0,0.00,NULL,0,F,,,,,0,mcarosella,"2025-08-18 15:51:24",mcarosella,"2025-08-19 15:25:13",NULL,21,NULL
35,1,C,F,156,I,AST-F-00000034,,NULL,NULL,2025-08-19,2025-09-03,8,C001,"Cerveceria Polar C.A.",0100-000150,000150,4513768979,USD,USD,VEB,858155.47,6268.80,0.00,6268.80,NULL,136.893100,136.893100,0.00,IVA16,C,0.00,137304.88,1003.01,NULL,0.00,0.00,995460.35,7271.81,NULL,0.00,0.00,858155.47,6268.80,NULL,0.00,0.00,NULL,0.00,0.00,NULL,N,0.00,2,,000000045,NULL,-995460.35,-7271.81,NULL,0.00,NULL,0,0.00,NULL,0,F,,,,NULL,0,mcarosella,"2025-08-18 15:59:46",mcarosella,"2025-08-19 13:35:10",NULL,22,NULL
36,1,N,F,0,A,AST-F-00000028,,NULL,NULL,2025-08-19,2025-09-03,8,A001,"Alimentos Polar Comercial, C.A.",0100-000098,000098,4513656935,USD,USD,VEB,337989.06,2469.00,0.00,2469.00,NULL,136.893100,136.893100,0.00,IVA16,C,0.00,54078.25,395.04,NULL,0.00,0.00,392067.31,2864.04,NULL,0.00,0.00,337989.06,2469.00,NULL,0.00,0.00,NULL,0.00,0.00,NULL,N,0.00,2,,000000038,NULL,0.00,0.00,NULL,392067.31,NULL,0,2864.04,NULL,0,F,,,,NULL,0,mcarosella,"2025-08-18 16:28:15",mcarosella,"2025-08-19 11:55:57",NULL,NULL,NULL
37,1,N,F,0,A,AST-F-00000029,,NULL,NULL,2025-08-19,2025-09-03,8,C001,"Cerveceria Polar C.A.",0100-000097,000097,4513656933,USD,USD,VEB,337989.06,2469.00,0.00,2469.00,NULL,136.893100,136.893100,0.00,IVA16,C,0.00,54078.25,395.04,NULL,0.00,0.00,392067.31,2864.04,NULL,0.00,0.00,337989.06,2469.00,NULL,0.00,0.00,NULL,0.00,0.00,NULL,N,0.00,2,,000000039,NULL,0.00,0.00,NULL,392067.31,NULL,0,2864.04,NULL,0,F,,,,NULL,0,mcarosella,"2025-08-18 16:30:16",mcarosella,"2025-08-19 11:34:20",NULL,NULL,NULL
38,1,C,F,152,I,AST-F-00000030,,NULL,NULL,2025-08-19,2025-08-19,8,C006,"Comercial Belloso (COBECA)",0100-000163,000163,N/A,VEB,USD,VEB,2714346.48,19828.22,0.00,NULL,2714346.48,136.893100,0.000000,0.00,IVA16,C,0.00,434295.44,3172.52,NULL,0.00,0.00,3148641.92,23000.74,NULL,0.00,0.00,2714346.48,19828.22,NULL,0.00,0.00,NULL,0.00,0.00,NULL,N,0.00,1,,000000040,NULL,-3148641.92,-23000.74,NULL,0.00,NULL,0,0.00,NULL,0,F,,,,,0,mcarosella,"2025-08-19 10:16:59",mcarosella,"2025-09-24 09:42:25",NULL,23,NULL
39,1,C,F,153,I,AST-F-00000031,,NULL,NULL,2025-08-19,2025-09-03,8,C001,"Cerveceria Polar C.A.",0100-000097,000097,4513734108,USD,USD,VEB,337989.06,2469.00,0.00,2469.00,NULL,136.893100,136.893100,0.00,IVA16,C,0.00,54078.25,395.04,NULL,0.00,0.00,392067.31,2864.04,NULL,0.00,0.00,337989.06,2469.00,NULL,0.00,0.00,NULL,0.00,0.00,NULL,N,0.00,2,,000000042,NULL,-392067.31,-2864.04,NULL,0.00,NULL,0,0.00,NULL,0,F,,,,NULL,0,mcarosella,"2025-08-19 13:15:44",mcarosella,"2025-08-19 13:27:06",NULL,24,NULL
40,1,C,F,154,I,AST-F-00000032,,NULL,NULL,2025-08-19,2025-09-03,8,A001,"Alimentos Polar Comercial, C.A.",0100-000098,000098,4513734109,USD,USD,VEB,337989.06,2469.00,0.00,2469.00,NULL,136.893100,136.893100,0.00,IVA16,C,0.00,54078.25,395.04,NULL,0.00,0.00,392067.31,2864.04,NULL,0.00,0.00,337989.06,2469.00,NULL,0.00,0.00,NULL,0.00,0.00,NULL,N,0.00,2,,000000043,NULL,-392067.31,-2864.04,NULL,0.00,NULL,0,0.00,NULL,0,F,,,,,0,mcarosella,"2025-08-19 13:19:31",mcarosella,"2025-08-19 13:20:31",NULL,25,NULL
41,1,N,N,NULL,A,AST-N-00000001,AST-Q-00000003,NULL,NULL,2025-08-19,NULL,8,G009,"G3 Logistica, C.A",0100-000121,NULL,N/A,VEB,USD,VEB,54171.40,405.73,0.00,NULL,54171.40,136.893100,NULL,NULL,IVA16,C,NULL,8667.42,64.91,NULL,NULL,NULL,62837.91,470.64,NULL,NULL,NULL,54171.40,405.73,NULL,0.00,0.00,NULL,0.00,0.00,NULL,N,0.00,1,NULL,NULL,NULL,0.00,0.00,NULL,62837.91,NULL,NULL,470.64,NULL,NULL,F,NULL,NULL,NULL,NULL,NULL,gbelisario,"2025-08-19 14:52:17",gbelisario,"2025-08-19 14:53:03",NULL,NULL,NULL
42,1,N,N,NULL,A,AST-N-00000002,AST-Q-00000003,NULL,NULL,2025-08-19,NULL,8,G009,"G3 Logistica, C.A",0100-000121,NULL,N/A,USD,USD,VEB,0.00,0.00,0.00,0.00,NULL,0.000000,0.000000,NULL,IVA16,NULL,NULL,0.00,0.00,NULL,NULL,NULL,0.00,0.00,NULL,NULL,NULL,0.00,0.00,NULL,0.00,0.00,NULL,0.00,0.00,NULL,N,0.00,1,NULL,NULL,NULL,NULL,NULL,NULL,NULL,NULL,NULL,NULL,NULL,NULL,NULL,NULL,NULL,NULL,NULL,NULL,gbelisario,"2025-08-19 15:02:01",NULL,NULL,NULL,NULL,NULL
43,1,C,F,158,I,AST-F-00000035,,NULL,NULL,2025-08-19,2025-08-19,8,G009,"G3 Logistica, C.A",0100-000121,000121,"OC 21353",VEB,USD,VEB,81957.46,598.70,0.00,NULL,81957.46,136.893100,0.000000,0.00,IVA16,C,0.00,13113.20,95.79,NULL,0.00,0.00,95070.66,694.49,NULL,0.00,0.00,81957.46,598.70,NULL,0.00,0.00,NULL,0.00,0.00,NULL,N,0.00,1,,000000046,NULL,-95070.66,-694.49,NULL,0.00,NULL,0,0.00,NULL,0,F,,,,NULL,0,mcarosella,"2025-08-19 15:08:47",mcarosella,"2025-08-19 15:30:28",NULL,26,NULL
44,1,C,F,159,I,AST-F-00000036,,NULL,NULL,2025-08-20,2025-08-20,8,C011,"Central Madeirense, C.A.",0100-000066,000066,N/A,USD,USD,VEB,1321445.82,9566.80,0.00,9566.80,NULL,138.128300,138.128300,0.00,IVA16,C,0.00,211431.33,1530.69,NULL,0.00,0.00,1532877.15,11097.49,NULL,0.00,0.00,1321445.82,9566.80,NULL,0.00,0.00,NULL,0.00,0.00,NULL,N,0.00,1,,000000047,NULL,-1532877.15,-11097.49,NULL,0.00,NULL,0,0.00,NULL,0,F,,,,,0,mcarosella,"2025-08-20 16:50:42",mcarosella,"2025-08-20 17:05:43",NULL,27,NULL
45,1,P,F,160,I,AST-F-00000037,,NULL,NULL,2025-08-22,2025-08-22,8,B008,"Mercantil, C.A. Banco Universal",0100-000173,000173,N/A,VEB,USD,VEB,6092102.94,43310.84,0.00,NULL,6092102.94,140.660000,0.000000,0.00,IVA16,C,0.00,974736.48,6929.74,NULL,0.00,0.00,7066839.42,50240.58,NULL,0.00,0.00,6092102.94,43310.84,NULL,0.00,0.00,NULL,0.00,0.00,NULL,N,0.00,1,,000000048,NULL,-6990688.14,-50816.49,NULL,76151.28,NULL,0,-575.91,NULL,0,F,,,,,0,mcarosella,"2025-08-22 09:34:44",mcarosella,"2025-08-22 09:43:33",NULL,28,NULL
46,1,C,F,161,I,AST-F-00000038,,NULL,NULL,2025-08-25,2025-08-25,8,C004,"C.A. Cerveceria Regional",0100-000175,000175,N/A,USD,USD,VEB,6668562.10,47000.00,0.00,47000.00,NULL,141.884300,141.884300,0.00,IVA16,C,0.00,1066969.94,7520.00,NULL,0.00,0.00,7735532.04,54520.00,NULL,0.00,0.00,6668562.10,47000.00,NULL,0.00,0.00,NULL,0.00,0.00,NULL,N,0.00,1,,000000049,NULL,-7735532.04,-54520.00,NULL,0.00,NULL,0,0.00,NULL,0,F,,,,NULL,0,mcarosella,"2025-08-25 09:38:33",mcarosella,"2025-08-25 10:19:27",NULL,29,NULL
47,1,C,F,163,I,AST-F-00000040,,NULL,NULL,2025-08-25,2025-08-25,8,C004,"C.A. Cerveceria Regional",0100-000152,000152,N/A,USD,USD,VEB,2844439.69,20047.60,0.00,20047.60,NULL,141.884300,141.884300,0.00,IVA16,C,0.00,455110.35,3207.62,NULL,0.00,0.00,3299550.04,23255.22,NULL,0.00,0.00,2844439.69,20047.60,NULL,0.00,0.00,NULL,0.00,0.00,NULL,N,0.00,1,,000000051,NULL,-3299550.04,-23255.22,NULL,0.00,NULL,0,0.00,NULL,0,F,,,,NULL,0,mcarosella,"2025-08-25 10:22:39",,NULL,NULL,30,NULL
48,1,C,F,162,I,AST-F-00000039,,NULL,NULL,2025-08-25,2025-08-25,8,U001,"Universidad Metropolitana",0100-000096,000096,N/A,USD,USD,VEB,1040725.60,7335.03,0.00,7335.03,NULL,141.884300,141.884300,0.00,IVA16,C,0.00,166516.10,1173.60,NULL,0.00,0.00,1207241.70,8508.63,NULL,0.00,0.00,1040725.60,7335.03,NULL,0.00,0.00,NULL,0.00,0.00,NULL,N,0.00,1,,000000050,NULL,-1207241.70,-8508.63,NULL,0.00,NULL,0,0.00,NULL,0,F,,,,,0,mcarosella,"2025-08-25 11:20:25",mcarosella,"2025-08-25 11:24:35",NULL,31,NULL
49,2,,F,NULL,E,AXT-F-00000002,,ofpr120,51,2025-08-26,2025-09-10,8,AST,"Asimetrix Soluciones Tecnológicas",AXT-999,NULL,000047,VEB,USD,VEB,34850.40,243.64,0.00,NULL,34850.40,143.038100,NULL,NULL,IVA16,C,NULL,5576.06,38.98,NULL,NULL,NULL,40426.46,282.62,NULL,NULL,NULL,34850.40,243.64,NULL,0.00,0.00,NULL,0.00,0.00,NULL,N,0.00,1,NULL,NULL,NULL,0.00,0.00,NULL,40426.46,NULL,NULL,282.62,NULL,NULL,D,NULL,NULL,NULL,NULL,NULL,System,"2025-08-26 09:24:58",lmata,"2025-08-26 09:30:48",NULL,NULL,NULL
50,2,,F,NULL,E,AXT-F-00000003,,ofpr120,55,2025-08-27,2025-09-11,8,AST,"Asimetrix Soluciones Tecnológicas",AXT-999,NULL,000050,VEB,USD,VEB,125447.25,868.91,0.00,NULL,125447.25,144.373200,NULL,NULL,EXENTO,C,NULL,0.00,0.00,NULL,NULL,NULL,125447.25,868.91,NULL,NULL,NULL,125447.25,868.91,NULL,0.00,0.00,NULL,0.00,0.00,NULL,N,0.00,1,NULL,NULL,NULL,0.00,0.00,NULL,125447.25,NULL,NULL,868.91,NULL,NULL,D,NULL,NULL,NULL,NULL,NULL,System,"2025-08-27 15:48:08",gbelisario,"2025-09-01 15:32:19",NULL,NULL,NULL
51,1,P,F,164,I,AST-F-00000041,,NULL,NULL,2025-08-27,2025-08-27,8,C011,"Central Madeirense, C.A.",0100-000066,000066,497723,USD,USD,VEB,86306.30,597.80,0.00,597.80,NULL,144.373200,144.373200,0.00,IVA16,C,0.00,13809.01,95.64,NULL,0.00,0.00,100115.31,693.44,NULL,0.00,0.00,86306.30,597.80,NULL,0.00,0.00,NULL,0.00,0.00,NULL,N,0.00,1,,000000052,NULL,-102150.87,-681.49,NULL,-2035.56,NULL,0,11.95,NULL,0,F,,,,,0,mcarosella,"2025-08-27 17:07:30",mcarosella,"2025-08-27 17:14:57",NULL,32,NULL
52,1,C,F,165,I,AST-F-00000042,,NULL,NULL,2025-08-28,2025-08-28,8,F003,"Fundacion Universidad Metropolitana",0100-000185,000185,,VEB,USD,VEB,93391.20,640.78,0.00,NULL,93391.20,145.745300,0.000000,0.00,IVA16,C,0.00,14942.59,102.53,NULL,0.00,0.00,108333.79,743.31,NULL,0.00,0.00,93391.20,640.78,NULL,0.00,0.00,NULL,0.00,0.00,NULL,N,0.00,1,,000000053,NULL,-108333.79,-743.31,NULL,0.00,NULL,0,0.00,NULL,0,F,,,,,0,mcarosella,"2025-08-28 15:20:56",mcarosella,"2025-08-28 16:25:04",NULL,33,NULL
53,1,C,F,167,I,AST-F-00000043,,NULL,NULL,2025-08-28,2025-08-28,8,F003,"Fundacion Universidad Metropolitana",0100-000184,000184,N/A,VEB,USD,VEB,19468.58,133.58,0.00,NULL,19468.58,145.745300,0.000000,0.00,IVA16,C,0.00,3114.97,21.37,NULL,0.00,0.00,22583.55,154.95,NULL,0.00,0.00,19468.58,133.58,NULL,0.00,0.00,NULL,0.00,0.00,NULL,N,0.00,1,,000000054,NULL,-22583.55,-154.95,NULL,0.00,NULL,0,0.00,NULL,0,F,,,,,0,mcarosella,"2025-08-28 15:42:30",mcarosella,"2025-08-28 15:57:24",NULL,34,NULL
54,1,C,F,168,I,AST-F-00000044,,NULL,NULL,2025-08-28,2025-08-28,8,M006,"Molina Agencia de Viajes CA",0100-000187,000187,N/A,VEB,USD,VEB,57262.06,392.89,0.00,NULL,57262.06,145.745300,0.000000,0.00,IVA16,C,0.00,9161.93,62.86,NULL,0.00,0.00,66423.99,455.75,NULL,0.00,0.00,57262.06,392.89,NULL,0.00,0.00,NULL,0.00,0.00,NULL,N,0.00,1,,000000055,NULL,-66423.99,-455.75,NULL,0.00,NULL,0,0.00,NULL,0,F,,,,,0,mcarosella,"2025-08-28 16:38:25",mcarosella,"2025-08-28 16:48:35",NULL,35,NULL
55,1,N,F,0,A,AST-F-00000045,,NULL,NULL,2025-08-29,2025-08-29,8,L001,"Laboratorio Behrens",0100-000189,000189,N/A,VEB,USD,VEB,26400.00,179.49,0.00,NULL,26400.00,147.082500,0.000000,0.00,IVA16,C,0.00,4224.00,28.72,NULL,0.00,0.00,30624.00,208.21,NULL,0.00,0.00,26400.00,179.49,NULL,0.00,0.00,NULL,0.00,0.00,NULL,N,0.00,1,,000000056,NULL,0.00,0.00,NULL,30624.00,NULL,0,208.21,NULL,0,F,,,,NULL,0,mcarosella,"2025-08-29 09:43:33",mcarosella,"2025-08-29 09:45:57",NULL,NULL,NULL
56,1,C,F,169,I,AST-F-00000046,,NULL,NULL,2025-08-29,2025-08-29,8,D012,"Drovital Casa de Representacion C.A",0100-000155,000155,N/A,VEB,USD,VEB,35636.25,242.29,0.00,NULL,35636.25,147.082500,0.000000,0.00,IVA16,C,0.00,5701.80,38.77,NULL,0.00,0.00,41338.05,281.06,NULL,0.00,0.00,35636.25,242.29,NULL,0.00,0.00,NULL,0.00,0.00,NULL,N,0.00,1,,000000057,NULL,-41338.05,-281.06,NULL,0.00,NULL,0,0.00,NULL,0,F,,,,NULL,0,mcarosella,"2025-08-29 13:55:53",mcarosella,"2025-08-29 13:58:22",NULL,36,NULL
57,1,N,F,0,A,AST-F-00000047,AST-Q-00000004,NULL,NULL,2025-08-29,2025-08-29,8,A085,AYSED,0100-000115,000115,N/A,VEB,USD,VEB,1842909.20,12529.77,0.00,NULL,1842909.20,147.082500,0.000000,0.00,IVA16,C,0.00,0.00,0.00,NULL,0.00,0.00,1842909.20,12529.77,NULL,0.00,0.00,1842909.20,12529.77,NULL,0.00,0.00,NULL,0.00,0.00,NULL,N,0.00,1,,000000058,NULL,0.00,0.00,NULL,1842909.20,NULL,0,12529.77,NULL,0,F,,,,NULL,0,mcarosella,"2025-08-29 14:24:04",mcarosella,"2025-08-29 15:14:36",NULL,NULL,NULL
58,1,A,Q,0,C,AST-P-00000001,AST-N-00000003,NULL,NULL,2025-09-01,2025-09-01,9,A085,AYSED,0100-000115,000115,N/A,USD,USD,VEB,0.00,0.00,0.00,0.00,NULL,0.000000,0.000000,0.00,IVA16,C,0.00,0.00,0.00,NULL,0.00,0.00,0.00,0.00,NULL,0.00,0.00,0.00,0.00,NULL,0.00,0.00,NULL,0.00,0.00,NULL,N,0.00,1,,,NULL,0.00,0.00,NULL,2884903.74,NULL,0,19434.29,NULL,0,F,,,,NULL,0,mcarosella,"2025-08-29 14:35:11",mcarosella,"2025-09-01 12:16:30",NULL,NULL,NULL
59,1,C,F,170,I,AST-F-00000048,,NULL,NULL,2025-08-29,2025-08-29,8,A085,AYSED,0100-000115,000115,N/A,VEB,USD,VEB,1842909.20,12529.77,0.00,NULL,1842909.20,147.082500,0.000000,0.00,IVA16,C,0.00,294865.47,2004.76,NULL,0.00,0.00,2137774.67,14534.53,NULL,0.00,0.00,1842909.20,12529.77,NULL,0.00,0.00,NULL,0.00,0.00,NULL,N,0.00,1,,000000059,NULL,-2137774.67,-14534.53,NULL,0.00,NULL,0,0.00,NULL,0,F,,,,NULL,0,mcarosella,"2025-08-29 15:20:49",mcarosella,"2025-08-29 15:23:18",NULL,37,NULL
60,1,N,N,NULL,A,AST-N-00000003,AST-P-00000001,NULL,NULL,2025-09-01,NULL,9,A085,AYSED,0100-000115,NULL,N/A,USD,USD,VEB,2486986.24,16753.70,0.00,16753.70,NULL,148.444000,148.444000,NULL,IVA16,NULL,NULL,397917.80,2680.59,NULL,NULL,NULL,2884903.74,19434.29,NULL,NULL,NULL,2486986.24,16753.70,NULL,0.00,0.00,NULL,0.00,0.00,NULL,N,0.00,1,NULL,NULL,NULL,NULL,NULL,NULL,NULL,NULL,NULL,NULL,NULL,NULL,NULL,NULL,NULL,NULL,NULL,NULL,gbelisario,"2025-09-01 12:20:28",NULL,NULL,NULL,NULL,NULL
61,1,A,Q,0,C,AST-Q-00000004,AST-N-00000004,NULL,NULL,2025-09-01,2025-09-01,9,A085,AYSED,0100-000115,000115,N/A,USD,USD,VEB,0.00,0.00,0.00,0.00,NULL,0.000000,0.000000,0.00,IVA16,C,0.00,0.00,0.00,NULL,0.00,0.00,0.00,0.00,NULL,0.00,0.00,0.00,0.00,NULL,0.00,0.00,NULL,0.00,0.00,NULL,N,0.00,1,,N/A,NULL,0.00,0.00,NULL,2884903.74,NULL,0,19434.29,NULL,0,F,,,,NULL,0,mcarosella,"2025-09-01 13:07:43",mcarosella,"2025-09-01 13:09:44",NULL,NULL,NULL
62,1,C,F,171,I,AST-F-00000049,AST-Q-00000004,NULL,NULL,2025-09-01,2025-09-01,9,A085,AYSED,0100-000115,NULL,N/A,USD,USD,VEB,2486986.24,16753.70,0.00,16753.70,NULL,148.444000,148.444000,NULL,IVA16,C,NULL,397917.80,2680.59,NULL,NULL,NULL,2884904.04,19434.29,NULL,NULL,NULL,2486986.24,16753.70,NULL,0.00,0.00,NULL,0.00,0.00,NULL,N,0.00,1,NULL,000000060,NULL,-2884904.04,-19434.29,NULL,0.00,NULL,NULL,0.00,NULL,NULL,F,NULL,NULL,NULL,,NULL,gbelisario,"2025-09-01 15:44:04",admin,"2025-09-01 16:25:19",NULL,38,NULL
63,1,N,F,87,A,AST-F-00000050,,,0,2025-09-02,2025-09-02,9,M006,"Molina Agencia de Viajes CA",0100-000108,000108,N/A,USD,USD,VEB,362604.16,2425.97,0.00,2425.97,NULL,149.467700,149.467700,0.00,IVA16,C,0.00,58016.67,388.16,NULL,0.00,0.00,420621.54,2814.13,NULL,0.00,0.00,362604.16,2425.97,NULL,0.00,0.00,NULL,0.00,0.00,NULL,N,0.00,1,,000000061,NULL,0.00,0.00,NULL,420621.54,NULL,0,2814.13,NULL,0,F,,,,NULL,0,mcarosella,"2025-09-02 08:49:50",mcarosella,"2025-09-02 08:53:04",NULL,NULL,NULL
64,1,C,F,319,I,AST-F-00000051,,,0,2025-09-02,2025-09-02,9,L001,"Laboratorio Behrens",0100-000189,000189,N/A,VEB,USD,VEB,26400.00,176.63,0.00,NULL,26400.00,149.467700,0.000000,0.00,IVA16,C,0.00,4224.00,28.26,NULL,0.00,0.00,30624.00,204.89,NULL,0.00,0.00,26400.00,176.63,NULL,0.00,0.00,NULL,0.00,0.00,NULL,N,0.00,1,,000000062,NULL,-30624.00,-204.89,NULL,0.00,NULL,0,0.00,NULL,0,F,,,,,0,mcarosella,"2025-09-02 08:58:19",mcarosella,"2025-09-30 11:27:06",NULL,39,NULL
65,2,,F,NULL,E,AXT-F-00000004,,ofpr120,72,2025-09-02,2025-09-17,9,AST,"Asimetrix Soluciones Tecnológicas",AXT-999,NULL,000061,VEB,USD,VEB,167216.99,1118.75,0.00,NULL,167216.99,149.467700,NULL,NULL,N/A,C,NULL,0.00,0.00,NULL,NULL,NULL,167216.99,1118.75,NULL,NULL,NULL,167216.99,1118.75,NULL,0.00,0.00,NULL,0.00,0.00,NULL,N,0.00,1,NULL,NULL,NULL,0.00,0.00,NULL,167216.99,NULL,NULL,1118.75,NULL,NULL,D,NULL,NULL,NULL,NULL,NULL,System,"2025-09-02 11:14:15",gbelisario,"2025-09-02 11:17:25",NULL,NULL,NULL
66,1,C,F,172,I,AST-F-00000052,,,0,2025-09-03,2025-09-03,9,B008,"Mercantil, C.A. Banco Universal",0100-000173,000173,N/A,VEB,USD,VEB,6252682.24,41464.73,0.00,4117599.96,6252682.24,150.795200,148.440000,0.00,IVA16,C,0.00,1000429.16,6634.35,NULL,0.00,0.00,7253111.40,48099.08,NULL,0.00,0.00,6252682.24,41464.73,NULL,0.00,0.00,NULL,0.00,0.00,NULL,N,0.00,1,,000000064,NULL,-7253111.40,-48099.08,NULL,0.00,NULL,0,0.00,NULL,0,F,,,,,0,mcarosella,"2025-09-03 09:00:34",mcarosella,"2025-10-21 14:35:21",NULL,40,NULL
67,1,C,F,321,I,AST-F-00000053,,,0,2025-09-03,2025-09-03,9,IC-02,"MT2005 Integradores",0100-000188,000188,"23684 ",USD,USD,VEB,534915.81,3547.30,0.00,3547.30,NULL,150.795200,150.795200,0.00,IVA16,I,0.00,85586.53,567.57,NULL,0.00,0.00,620502.34,4114.87,NULL,0.00,0.00,534915.81,3547.30,NULL,0.00,0.00,NULL,0.00,0.00,NULL,N,0.00,1,,000000065,NULL,-620502.34,-4114.87,NULL,0.00,NULL,0,0.00,NULL,0,F,,,,,0,mcarosella,"2025-09-03 14:45:08",mcarosella,"2025-10-22 09:17:04",NULL,41,NULL
68,1,C,F,320,I,AST-F-00000054,,,0,2025-09-04,2025-09-04,9,U001,"Universidad Metropolitana",0100-000210,000210,N/A,USD,USD,VEB,373122.26,2458.59,0.00,2458.59,NULL,151.762700,151.762700,0.00,IVA16,C,0.00,59699.56,393.37,NULL,0.00,0.00,432821.82,2851.96,NULL,0.00,0.00,373122.26,2458.59,NULL,0.00,0.00,NULL,0.00,0.00,NULL,N,0.00,1,,000000066,NULL,-432821.82,-2851.96,NULL,0.00,NULL,0,0.00,NULL,0,F,,,,,0,mcarosella,"2025-09-04 09:24:40",mcarosella,"2025-10-22 09:19:55",NULL,42,NULL
69,1,C,F,322,I,AST-F-00000055,,,0,2025-09-04,2025-09-04,9,M006,"Molina Agencia de Viajes CA",0100-000197,000197,N/A,USD,USD,VEB,73325.67,483.16,0.00,483.16,NULL,151.762700,151.762700,0.00,IVA16,C,0.00,11732.11,77.31,NULL,0.00,0.00,85057.78,560.47,NULL,0.00,0.00,73325.67,483.16,NULL,0.00,0.00,NULL,0.00,0.00,NULL,N,0.00,1,,000000067,NULL,-85057.78,-560.47,NULL,0.00,NULL,0,0.00,NULL,0,F,,,,NULL,0,mcarosella,"2025-09-04 11:11:42",mcarosella,"2025-10-22 09:23:47",NULL,43,NULL
70,1,C,F,323,I,AST-F-00000056,,,0,2025-09-08,2025-09-08,9,G009,"G3 Logistica, C.A",0100-000181,000181,"OC 21603",VEB,USD,VEB,2598490.92,16872.13,0.00,2546520.60,2598490.92,154.010800,0.000000,0.00,IVA16,C,0.00,415758.55,2699.54,NULL,0.00,0.00,3014249.47,19571.67,NULL,0.00,0.00,2598490.92,16872.13,NULL,0.00,0.00,NULL,0.00,0.00,NULL,N,0.00,1,,000000068,NULL,-3014249.47,-19571.67,NULL,0.00,NULL,0,0.00,NULL,0,F,,,,,0,mcarosella,"2025-09-08 12:06:20",mcarosella,"2025-09-19 09:14:58",NULL,44,NULL
71,2,,F,0,E,AXT-F-00000005,AXT-F-00000005,ofpr120,101,2025-09-09,2025-09-24,9,AST,"Asimetrix Soluciones Tecnológicas",AXT-999,NULL,000095,VEB,USD,VEB,38745.63,250.00,0.00,NULL,NULL,154.982500,NULL,NULL,IVA16,I,NULL,6199.30,40.00,NULL,NULL,NULL,44944.93,290.00,NULL,NULL,NULL,38745.63,250.00,NULL,0.00,0.00,NULL,0.00,0.00,NULL,N,0.00,1,NULL,NULL,NULL,0.00,0.00,NULL,44944.93,NULL,NULL,290.00,NULL,NULL,D,NULL,NULL,NULL,NULL,NULL,System,"2025-09-09 14:15:02",gbelisario,"2025-09-09 19:18:29",NULL,NULL,NULL
72,1,C,F,325,I,AST-F-00000058,,,0,2025-09-11,2025-09-11,9,L037,"Lentes Centro Occidente, CA",0100-000202,000202,N/A,USD,USD,VEB,394968.44,2504.10,0.00,2504.10,0.00,157.728700,157.728700,0.00,IVA16,C,0.00,63194.95,400.66,NULL,0.00,0.00,458163.39,2904.76,NULL,0.00,0.00,394968.44,2504.10,NULL,0.00,0.00,NULL,0.00,0.00,NULL,N,0.00,1,,000000070,NULL,-458163.39,-2904.76,NULL,0.00,NULL,0,0.00,NULL,0,F,,,,,0,mcarosella,"2025-09-10 14:07:49",mcarosella,"2025-09-11 13:57:31",NULL,45,NULL
73,1,C,F,324,I,AST-F-00000057,,,0,2025-09-10,2025-09-10,9,C006,"Comercial Belloso (COBECA)",0100-000251,000251," IT 20250317-A",VEB,USD,VEB,1028261.00,6575.66,0.00,0.00,1028261.00,156.373900,0.000000,0.00,IVA16,C,0.00,164521.76,1052.10,NULL,0.00,0.00,1192782.76,7627.76,NULL,0.00,0.00,1028261.00,6575.66,NULL,0.00,0.00,NULL,0.00,0.00,NULL,N,0.00,1,,000000069,NULL,-1192782.76,-7627.76,NULL,0.00,NULL,0,0.00,NULL,0,F,,,,,0,mcarosella,"2025-09-10 14:32:48",mcarosella,"2025-09-10 14:46:06",NULL,46,NULL
74,1,C,F,326,I,AST-F-00000059,,,0,2025-09-15,2025-09-15,9,D012,"Drovital Casa de Representacion C.A",0100-000182,000182,"OC 282",USD,USD,VEB,23432.48,147.44,0.00,147.44,0.00,158.928900,158.928900,0.00,IVA16,C,0.00,3749.20,23.59,NULL,0.00,0.00,27181.68,171.03,NULL,0.00,0.00,23432.48,147.44,NULL,0.00,0.00,NULL,0.00,0.00,NULL,N,0.00,1,,000000071,NULL,-27181.68,-171.03,NULL,0.00,NULL,0,0.00,NULL,0,F,,,,NULL,0,mcarosella,"2025-09-15 14:32:02",mcarosella,"2025-10-22 09:28:09",NULL,47,NULL
75,1,C,F,327,I,AST-F-00000060,,,0,2025-09-16,2025-10-01,9,A001,"Alimentos Polar Comercial, C.A.",0100-000271,000271,4513812729,USD,USD,VEB,529237.40,3298.50,0.00,3298.50,0.00,160.447900,160.447900,0.00,IVA16,C,0.00,84677.98,527.76,NULL,0.00,0.00,613915.38,3826.26,NULL,0.00,0.00,529237.40,3298.50,NULL,0.00,0.00,NULL,0.00,0.00,NULL,N,0.00,2,,000000072,NULL,-613915.38,-3826.26,NULL,0.00,NULL,0,0.00,NULL,0,F,,,,NULL,0,mcarosella,"2025-09-16 08:37:39",mcarosella,"2025-09-17 09:59:53",NULL,48,NULL
76,1,C,F,329,I,AST-F-00000061,,,0,2025-09-16,2025-10-01,9,C001,"Cerveceria Polar C.A.",0100-000272,000272,4513812732,USD,USD,VEB,352824.93,2199.00,0.00,2199.00,0.00,160.447900,160.447900,0.00,IVA16,C,0.00,56451.99,351.84,NULL,0.00,0.00,409276.92,2550.84,NULL,0.00,0.00,352824.93,2199.00,NULL,0.00,0.00,NULL,0.00,0.00,NULL,N,0.00,2,,000000073,NULL,-409276.92,-2550.84,NULL,0.00,NULL,0,0.00,NULL,0,F,,,,NULL,0,mcarosella,"2025-09-16 08:46:18",mcarosella,"2025-09-16 09:20:00",NULL,49,NULL
77,1,C,N,330,I,AST-N-00000005,,,0,2025-09-24,2025-09-24,9,A002,"Bancaribe International Bank, INC",0100-000278,000278,N/A,USD,USD,VEB,446809.38,2628.66,0.00,2628.66,0.00,169.976100,169.976100,0.00,N/A,C,0.00,0.00,0.00,NULL,0.00,0.00,446809.38,2628.66,NULL,0.00,0.00,446809.38,2628.66,NULL,0.00,0.00,NULL,0.00,0.00,NULL,N,0.00,1,,N/A,NULL,-446809.38,-2628.66,NULL,0.00,NULL,0,0.00,NULL,0,F,,,,NULL,0,mcarosella,"2025-09-17 13:31:41",mcarosella,"2025-10-14 13:50:35",NULL,50,NULL
78,1,C,N,1542,I,AST-N-00000007,,,0,2025-09-24,2025-09-24,9,A002,"Bancaribe International Bank, INC",0100-000278,000278,N/A,USD,USD,VEB,446809.38,2628.66,0.00,2628.66,0.00,169.976100,169.976100,0.00,N/A,C,0.00,0.00,0.00,NULL,0.00,0.00,446809.38,2628.66,NULL,0.00,0.00,446809.38,2628.66,NULL,0.00,0.00,NULL,0.00,0.00,NULL,N,0.00,1,,N/A,NULL,-446809.38,-2628.66,NULL,0.00,NULL,0,0.00,NULL,0,F,,,,NULL,0,mcarosella,"2025-09-17 13:33:33",mcarosella,"2025-09-24 08:34:04",NULL,51,NULL
79,1,C,N,1543,I,AST-N-00000006,,,0,2025-09-24,2025-09-24,9,A002,"Bancaribe International Bank, INC",0100-000278,000278,N/A,USD,USD,VEB,446809.38,2628.66,0.00,2628.66,0.00,169.976100,169.976100,0.00,N/A,C,0.00,0.00,0.00,NULL,0.00,0.00,446809.38,2628.66,NULL,0.00,0.00,446809.38,2628.66,NULL,0.00,0.00,NULL,0.00,0.00,NULL,N,0.00,1,,N/A,NULL,-446809.38,-2628.66,NULL,0.00,NULL,0,0.00,NULL,0,F,,,,NULL,0,mcarosella,"2025-09-17 13:34:37",mcarosella,"2025-09-24 08:34:42",NULL,52,NULL
80,1,C,N,1544,I,AST-N-00000004,,,0,2025-09-24,2025-09-24,9,A002,"Bancaribe International Bank, INC",0100-000278,000278,N/A,USD,USD,VEB,446809.38,2628.66,0.00,2628.66,0.00,169.976100,169.976100,0.00,N/A,C,0.00,0.00,0.00,NULL,0.00,0.00,446809.38,2628.66,NULL,0.00,0.00,446809.38,2628.66,NULL,0.00,0.00,NULL,0.00,0.00,NULL,N,0.00,1,,N/A,NULL,-446809.38,-2628.66,NULL,0.00,NULL,0,0.00,NULL,0,F,,,,,0,mcarosella,"2025-09-17 13:35:32",mcarosella,"2025-09-24 08:32:57",NULL,53,NULL
82,1,N,D,0,A,AST-D-00000003,AST-D-00000003,,0,2025-09-18,2025-09-18,9,U001,"Universidad Metropolitana",0100-000210,000210,,VEB,USD,VEB,14458.25,88.35,0.00,0.00,14458.25,163.647400,163.647400,0.00,EXENTO,C,0.00,0.00,0.00,NULL,0.00,0.00,14458.25,88.35,NULL,0.00,0.00,14458.25,88.35,NULL,0.00,0.00,NULL,0.00,0.00,NULL,N,0.00,1,,000000074,NULL,-14458.25,-88.35,NULL,0.00,NULL,0,0.00,NULL,0,F,,,,NULL,0,gbelisario,"2025-09-18 09:47:13",,NULL,NULL,NULL,NULL
81,2,P,F,0,B,XX000145,"AST / ODC-000036",ofpr120,39,2025-09-17,2025-10-02,9,AST,"Asimetrix Soluciones Tecnológicas",AXT-999,NULL,000036,USD,USD,VEB,1685156.21,12423.75,0.00,NULL,NULL,135.639900,NULL,NULL,IVA16,C,NULL,1987.80,269624.99,NULL,NULL,NULL,1685156.21,12423.75,NULL,NULL,NULL,1685156.21,12423.75,NULL,0.00,0.00,NULL,0.00,0.00,NULL,NULL,0.00,1,NULL,NULL,NULL,NULL,NULL,NULL,NULL,NULL,NULL,NULL,NULL,NULL,D,NULL,NULL,NULL,NULL,NULL,System,"2025-09-17 14:20:20",NULL,NULL,NULL,NULL,NULL
83,1,C,F,331,I,AST-F-00000062,,,0,2025-09-22,2025-09-22,9,C004,"C.A. Cerveceria Regional",0100-000190,000190,N/A,USD,USD,VEB,7829419.80,47000.00,0.00,47000.00,0.00,166.583400,0.000000,0.00,IVA16,C,0.00,1252707.17,7520.00,NULL,0.00,0.00,9082126.97,54520.00,NULL,0.00,0.00,7829419.80,47000.00,NULL,0.00,0.00,NULL,0.00,0.00,NULL,N,0.00,1,,000000074,NULL,-9082126.97,-54520.00,NULL,0.00,NULL,0,0.00,NULL,0,F,,,,,0,mcarosella,"2025-09-22 10:43:11",mcarosella,"2025-09-22 10:44:13",NULL,54,NULL
84,1,N,F,0,A,AST-F-00000063,AST-F-00000063,,0,2025-09-23,2025-10-08,9,C001,"Cerveceria Polar C.A.",0100-000084,000084,4513729710,USD,USD,VEB,18054809.77,107203.84,0.00,107203.84,0.00,168.415700,0.000000,0.00,IVA16,C,0.00,2888769.56,17152.62,NULL,0.00,0.00,20943579.33,124356.46,NULL,0.00,0.00,18054809.77,107203.84,NULL,0.00,0.00,NULL,0.00,0.00,NULL,N,0.00,2,,000000076,NULL,0.00,0.00,NULL,20943579.33,NULL,0,124356.46,NULL,0,F,,,,NULL,0,mcarosella,"2025-09-23 08:32:23",mcarosella,"2025-09-23 09:08:24",NULL,NULL,NULL
85,1,N,F,0,A,AST-F-00000064,AST-F-00000064,,0,2025-09-23,2025-10-08,9,C001,"Cerveceria Polar C.A.",0100-000084,000084,4513729710,USD,USD,VEB,1097883.42,6518.89,0.00,6518.89,0.00,168.415700,0.000000,0.00,IVA16,C,0.00,175661.35,1043.02,NULL,0.00,0.00,1273544.36,7561.91,NULL,0.00,0.00,1097883.42,6518.89,NULL,0.00,0.00,NULL,0.00,0.00,NULL,N,0.00,2,,000000077,NULL,0.00,0.00,NULL,1273544.36,NULL,0,7561.91,NULL,0,F,,,,NULL,0,mcarosella,"2025-09-23 08:32:52",mcarosella,"2025-09-23 09:18:48",NULL,NULL,NULL
86,1,N,F,0,A,AST-F-00000065,AST-F-00000065,,0,2025-09-23,2025-10-08,9,C001,"Cerveceria Polar C.A.",0100-000084,000084,4513729710,USD,USD,VEB,776000.60,4607.65,0.00,4607.65,0.00,168.415700,0.000000,0.00,IVA16,C,0.00,124160.10,737.22,NULL,0.00,0.00,900160.70,5344.87,NULL,0.00,0.00,776000.60,4607.65,NULL,0.00,0.00,NULL,0.00,0.00,NULL,N,0.00,2,,000000078,NULL,0.00,0.00,NULL,900160.70,NULL,0,5344.87,NULL,0,F,,,,NULL,0,mcarosella,"2025-09-23 08:33:10",mcarosella,"2025-09-23 09:20:06",NULL,NULL,NULL
87,1,C,D,332,I,AST-D-00000004,AST-F-00000054,,0,2025-09-23,2025-09-23,9,U001,"Universidad Metropolitana",0100-000210,000210,,VEB,USD,VEB,14879.53,88.35,0.00,0.00,14879.53,168.415700,168.415700,0.00,IVA16,C,0.00,2380.72,14.14,NULL,0.00,0.00,17260.25,102.49,NULL,0.00,0.00,14879.53,88.35,NULL,0.00,0.00,NULL,0.00,0.00,NULL,N,0.00,1,,000000079,NULL,-17260.25,-102.49,NULL,0.00,NULL,0,0.00,NULL,0,F,,,,NULL,0,gbelisario,"2025-09-23 09:37:42",,NULL,1025,55,NULL
88,1,C,F,333,I,AST-F-00000066,,,0,2025-09-23,2025-10-08,9,C001,"Cerveceria Polar C.A.",0100-000084,000084,4513729710,USD,USD,VEB,28967114.73,171997.71,0.00,171997.71,0.00,168.415700,0.000000,0.00,IVA16,C,0.00,4634738.36,27519.63,NULL,0.00,0.00,33601853.09,199517.34,NULL,0.00,0.00,28967114.73,171997.71,NULL,0.00,0.00,NULL,0.00,0.00,NULL,N,0.00,2,,000000080,NULL,-33601853.09,-199517.34,NULL,0.00,NULL,0,0.00,NULL,0,F,,,,NULL,0,mcarosella,"2025-09-23 12:40:40",mcarosella,"2025-09-23 13:21:21",NULL,56,NULL
89,1,C,F,334,I,AST-F-00000067,,,0,2025-09-23,2025-10-08,9,C001,"Cerveceria Polar C.A.",0100-000084,000084,4513729710,USD,USD,VEB,1245018.11,7392.53,0.00,7392.53,0.00,168.415700,0.000000,0.00,IVA16,C,0.00,199202.90,1182.81,NULL,0.00,0.00,1444221.01,8575.34,NULL,0.00,0.00,1245018.11,7392.53,NULL,0.00,0.00,NULL,0.00,0.00,NULL,N,0.00,2,,000000081,NULL,-1444221.01,-8575.34,NULL,0.00,NULL,0,0.00,NULL,0,F,,,,,0,mcarosella,"2025-09-23 12:40:59",mcarosella,"2025-09-23 13:27:13",NULL,57,NULL
90,1,C,F,338,I,AST-F-00000068,,,0,2025-09-23,2025-09-23,9,C001,"Cerveceria Polar C.A.",0100-000084,000084,4513729710,USD,USD,VEB,1761446.34,10458.92,0.00,10458.92,0.00,168.415700,0.000000,0.00,IVA16,C,0.00,281831.41,1673.43,NULL,0.00,0.00,2043277.75,12132.35,NULL,0.00,0.00,1761446.34,10458.92,NULL,0.00,0.00,NULL,0.00,0.00,NULL,N,0.00,1,,000000082,NULL,-2043277.75,-12132.35,NULL,0.00,NULL,0,0.00,NULL,0,F,,,,,0,mcarosella,"2025-09-23 12:41:13",mcarosella,"2025-09-23 13:29:07",NULL,58,NULL
91,1,N,Q,0,A,AST-Q-00000005,AST-Q-00000005,,0,2025-09-23,2025-09-23,9,G009,"G3 Logistica, C.A",0100-000138,000138,N/A,USD,USD,VEB,36505.79,216.76,0.00,216.76,0.00,168.415700,0.000000,0.00,IVA16,C,0.00,5840.93,34.68,NULL,0.00,0.00,42346.45,251.44,NULL,0.00,0.00,36505.79,216.76,NULL,0.00,0.00,NULL,0.00,0.00,NULL,N,0.00,1,,N/A,NULL,0.00,0.00,NULL,42346.45,NULL,0,251.44,NULL,0,F,,,,NULL,0,mcarosella,"2025-09-23 16:06:54",mcarosella,"2025-12-19 14:50:56",NULL,NULL,NULL
92,1,N,Q,0,A,AST-Q-00000006,AST-Q-00000006,,0,2025-09-23,2025-09-23,9,G009,"G3 Logistica, C.A",0100-000217,000217,N/A,USD,USD,VEB,36505.79,216.76,0.00,216.76,0.00,168.415700,0.000000,0.00,IVA16,C,0.00,5840.93,34.68,NULL,0.00,0.00,42346.45,251.44,NULL,0.00,0.00,36505.79,216.76,NULL,0.00,0.00,NULL,0.00,0.00,NULL,N,0.00,1,,N/A,NULL,0.00,0.00,NULL,42346.45,NULL,0,251.44,NULL,0,F,,,,NULL,0,mcarosella,"2025-09-23 16:25:16",mcarosella,"2025-12-19 14:51:16",NULL,NULL,NULL
93,1,C,F,339,I,AST-F-00000069,,,0,2025-09-24,2025-10-09,9,A001,"Alimentos Polar Comercial, C.A.",0100-000273,000273,4513812622,USD,USD,VEB,2984901.00,17560.71,0.00,17560.71,0.00,169.976100,0.000000,0.00,IVA16,C,0.00,477584.16,2809.71,NULL,0.00,0.00,3462485.16,20370.42,NULL,0.00,0.00,2984901.00,17560.71,NULL,0.00,0.00,NULL,0.00,0.00,NULL,N,0.00,2,,000000083,NULL,-3462485.16,-20370.42,NULL,0.00,NULL,0,0.00,NULL,0,F,,,,,0,mcarosella,"2025-09-24 09:45:16",mcarosella,"2025-09-24 10:07:45",NULL,59,NULL
94,1,P,F,340,I,AST-F-00000070,,,0,2025-09-24,2025-10-09,9,A001,"Alimentos Polar Comercial, C.A.",0100-000273,000273,4513812622,USD,USD,VEB,1583786.30,9317.70,0.00,9317.70,0.00,169.976100,0.000000,0.00,IVA16,C,0.00,253405.81,1490.83,NULL,0.00,0.00,1837192.11,10808.53,NULL,0.00,0.00,1583786.30,9317.70,NULL,0.00,0.00,NULL,0.00,0.00,NULL,N,0.00,2,,000000084,NULL,-2018492.11,-10622.18,NULL,-181300.00,NULL,0,186.35,NULL,0,F,,,,,0,mcarosella,"2025-09-24 09:47:08",mcarosella,"2025-09-24 10:13:02",NULL,60,NULL
95,1,C,F,341,I,AST-F-00000071,,,0,2025-09-24,2025-10-09,9,C001,"Cerveceria Polar C.A.",0100-000274,000274,4513812627,USD,USD,VEB,1790941.28,10536.43,0.00,10536.43,0.00,169.976100,0.000000,0.00,IVA16,C,0.00,286550.60,1685.83,NULL,0.00,0.00,2077491.88,12222.26,NULL,0.00,0.00,1790941.28,10536.43,NULL,0.00,0.00,NULL,0.00,0.00,NULL,N,0.00,2,,000000085,NULL,-2077491.88,-12222.26,NULL,0.00,NULL,0,0.00,NULL,0,F,,,,,0,mcarosella,"2025-09-24 09:51:24",mcarosella,"2025-09-24 10:17:58",NULL,61,NULL
96,1,P,F,342,I,AST-F-00000072,,,0,2025-09-24,2025-10-09,9,C001,"Cerveceria Polar C.A.",0100-000274,000274,4513812627,USD,USD,VEB,950271.78,5590.62,0.00,5590.62,0.00,169.976100,0.000000,0.00,IVA16,C,0.00,152043.48,894.50,NULL,0.00,0.00,1102315.26,6485.12,NULL,0.00,0.00,950271.78,5590.62,NULL,0.00,0.00,NULL,0.00,0.00,NULL,N,0.00,2,,000000086,NULL,-1211095.26,-6373.31,NULL,-108780.00,NULL,0,111.81,NULL,0,F,,,,,0,mcarosella,"2025-09-24 09:51:46",mcarosella,"2025-09-24 10:20:28",NULL,62,NULL
97,1,C,F,343,I,AST-F-00000073,,,0,2025-09-24,2025-10-09,9,P001,"Pepsi-Cola ",0100-000275,000275,4513812631,USD,USD,VEB,1193959.72,7024.28,0.00,7024.28,0.00,169.976100,0.000000,0.00,IVA16,C,0.00,191033.56,1123.89,NULL,0.00,0.00,1384993.28,8148.17,NULL,0.00,0.00,1193959.72,7024.28,NULL,0.00,0.00,NULL,0.00,0.00,NULL,N,0.00,2,,000000087,NULL,-1384993.28,-8148.17,NULL,0.00,NULL,0,0.00,NULL,0,F,,,,NULL,0,mcarosella,"2025-09-24 09:55:53",mcarosella,"2025-09-24 10:23:36",NULL,63,NULL
98,1,P,F,344,I,AST-F-00000074,,,0,2025-09-24,2025-10-09,9,P001,"Pepsi-Cola ",0100-000275,000275,4513812631,USD,USD,VEB,633514.52,3727.08,0.00,3727.08,0.00,169.976100,0.000000,0.00,IVA16,C,0.00,101362.32,596.33,NULL,0.00,0.00,734876.84,4323.41,NULL,0.00,0.00,633514.52,3727.08,NULL,0.00,0.00,NULL,0.00,0.00,NULL,N,0.00,2,,000000088,NULL,-807396.78,-4248.87,NULL,-72519.94,NULL,0,74.54,NULL,0,F,,,,,0,mcarosella,"2025-09-24 09:56:10",mcarosella,"2025-09-24 10:26:31",NULL,64,NULL
99,1,C,F,345,I,AST-F-00000075,,,0,2025-09-29,2025-10-14,9,C001,"Cerveceria Polar C.A.",0100-000292,000292,4513765578,USD,USD,VEB,471556.25,2684.68,0.00,2684.68,0.00,175.647100,0.000000,0.00,IVA16,C,0.00,75449.00,429.55,NULL,0.00,0.00,547005.25,3114.23,NULL,0.00,0.00,471556.25,2684.68,NULL,0.00,0.00,NULL,0.00,0.00,NULL,N,0.00,2,,000000089,NULL,-547005.25,-3114.23,NULL,0.00,NULL,0,0.00,NULL,0,F,,,,,0,mcarosella,"2025-09-29 08:18:30",mcarosella,"2025-09-29 08:36:14",NULL,65,NULL
100,1,C,F,346,I,AST-F-00000076,,,0,2025-09-29,2025-10-14,9,C001,"Cerveceria Polar C.A.",0100-000293,000293,4513765578,USD,USD,VEB,486835.79,2771.67,0.00,2771.67,0.00,175.647100,0.000000,0.00,IVA16,C,0.00,77893.73,443.47,NULL,0.00,0.00,564729.52,3215.14,NULL,0.00,0.00,486835.79,2771.67,NULL,0.00,0.00,NULL,0.00,0.00,NULL,N,0.00,2,,000000090,NULL,-564729.52,-3215.14,NULL,0.00,NULL,0,0.00,NULL,0,F,,,,,0,mcarosella,"2025-09-29 08:24:05",mcarosella,"2025-09-29 08:42:02",NULL,66,NULL
